Title,Genre,Rating,Year,Duration,Description
Multi-layered zero-defect orchestration,Horror,4,2007,115,Wide itself society figure exactly.
Re-engineered coherent core,Animation,1,2019,83,Open even threat total beat away.
Exclusive 3rdgeneration adapter,Comedy,5,2012,88,These guess over go face.
Multi-lateral content-based hub,Comedy,4,2019,91,Eat test recently skin open.
Monitored composite challenge,Sci-Fi,3,2008,120,Magazine civil sure.
Digitized 5thgeneration application,Horror,2,2014,103,Believe tree simple purpose.
Function-based homogeneous software,Animation,3,2004,89,Herself development image expect.
Monitored attitude-oriented algorithm,Action,1,2020,112,Machine build fill control pull.
Front-line next generation function,Animation,2,2019,98,Quickly summer whom decide.
Compatible discrete productivity,Sci-Fi,3,2026,107,Administration beautiful ball hand fear during.
Adaptive real-time task-force,Sci-Fi,1,2025,101,Face station through hear manage year.
Synergized context-sensitive complexity,Action,3,2014,108,Within wrong simple far father.
Business-focused needs-based projection,Horror,5,2001,102,Answer keep executive term card.
Synergistic fault-tolerant flexibility,Horror,5,2021,103,Up my sure pretty.
Object-based zero administration capacity,Animation,4,2001,107,One staff research manage several eat.
Persistent full-range workforce,Sci-Fi,2,2025,98,Ten represent animal.
Reduced full-range pricing structure,Action/Adventure,3,2007,102,Great nice need.
Enterprise-wide national groupware,Sci-Fi,3,2010,112,Establish lay option could.
Vision-oriented fresh-thinking functionalities,Action/Adventure,1,2019,91,Tonight rest everything southern pressure factor.
Optimized client-server framework,Horror,4,2026,85,Reveal student professor explain.
Up-sized 5thgeneration analyzer,Comedy,5,2025,120,Ability sea every success last.
Advanced multimedia synergy,Action/Adventure,1,2024,91,Will senior think.
Switchable clear-thinking policy,Comedy,1,2005,84,Mr now reach well yeah.
Adaptive radical installation,Horror,1,2024,119,Probably measure you ready personal design.
Vision-oriented optimal instruction set,Comedy,2,2021,120,Generation agreement some.
